stage,caseName,ebn0Db,shardIndex,shardCount,processedFrames,checkpointCount,status
BCH14,BCH-B200,3.5,0,1,5000,6,COMPLETE
BCH14,BCH-B200,4.5,0,1,5000,6,COMPLETE
BCH14,BCH-B200,5.5,0,1,18503,19,COMPLETE
BCH14,BCH-B300,4,0,1,5000,6,COMPLETE
BCH14,BCH-B300,4.5,0,1,5000,6,COMPLETE
BCH14,BCH-B300,5,0,1,5000,6,COMPLETE
BCH14,BCH-S200,4.5,0,1,5000,6,COMPLETE
BCH14,BCH-S200,6,0,1,5000,6,COMPLETE
BCH14,BCH-S200,7.5,0,1,9001,10,COMPLETE
BCH14,BCH-S300,5,0,1,5000,6,COMPLETE
BCH14,BCH-S300,6.5,0,1,5000,6,COMPLETE
BCH14,BCH-S300,7.5,0,1,6146,7,COMPLETE
BCH14_RESUME,BCH-B200,4.5,0,1,6000,8,COMPLETE
BCH14_RESUME,BCH-B300,4.5,0,1,6000,8,COMPLETE
BCH14_RESUME,BCH-S200,6,0,1,6000,8,COMPLETE
BCH14_RESUME,BCH-S300,6.5,0,1,6000,8,COMPLETE
BCH14_SHARD,BCH-B200,4.5,0,3,2000,0,COMPLETE
BCH14_SHARD,BCH-B200,4.5,1,3,2000,0,COMPLETE
BCH14_SHARD,BCH-B200,4.5,2,3,2000,0,COMPLETE
BCH14_SHARD,BCH-B300,4.5,0,3,2000,0,COMPLETE
BCH14_SHARD,BCH-B300,4.5,1,3,2000,0,COMPLETE
BCH14_SHARD,BCH-B300,4.5,2,3,2000,0,COMPLETE
BCH14_SHARD,BCH-S200,6,0,3,2000,0,COMPLETE
BCH14_SHARD,BCH-S200,6,1,3,2000,0,COMPLETE
BCH14_SHARD,BCH-S200,6,2,3,2000,0,COMPLETE
BCH14_SHARD,BCH-S300,6.5,0,3,2000,0,COMPLETE
BCH14_SHARD,BCH-S300,6.5,1,3,2000,0,COMPLETE
BCH14_SHARD,BCH-S300,6.5,2,3,2000,0,COMPLETE
